{"cameraMode":{"drawMode":0,"name":"Shaded","section":"Shading Mode"},"sceneLighting":true,"audioPlay":false,"sceneViewState":{"m_AlwaysRefresh":false,"showFog":true,"showSkybox":true,"showFlares":true,"showImageEffects":true,"showParticleSystems":true,"showVisualEffectGraphs":true,"m_FxEnabled":true},"in2DMode":false,"pivot":{"x":-4.992496967315674,"y":4.101926326751709,"z":-10.229998588562012},"rotation":{"x":0.001219377969391644,"y":-0.9902371764183044,"z":0.13935597240924836,"w":0.009346047416329384},"size":26.58664894104004,"orthographic":false}